{
  "name": "",
  "architecture": "",
  "version": "",
  "category": "",
  "url": "",
  "archiveFileName": "",
  "checksum": "",
  "size": "",
  "help": {
    "online": "https://www.arduino.cc/en/Reference/HomePage"
  },
  "boards": [],
  "toolsDependencies": [
    {
      "packager": "zephyr",
      "name": "arm-zephyr-eabi",
      "version": "0.16.8"
    },
    {
      "packager": "arduino",
      "name": "dfu-util",
      "version": "0.11.0-arduino5"
    },
    {
      "packager": "arduino",
      "name": "bossac",
      "version": "1.9.1-arduino2"
    },
    {
      "packager": "arduino",
      "name": "zephyr-sketch-tool",
      "version": "0.2.0"
    },
    {
      "packager": "arduino",
      "name": "sync-zephyr-artifacts",
      "version": "0.1.0"
    },
    {
      "packager": "arduino",
      "name": "adb",
      "version": "32.0.0"
    },
    {
      "packager": "arduino",
      "name": "remoteocd",
      "version": "0.0.4-rc.4"
    }
  ]
}
